species,english_name
Rumex acetosa subsp. acetosa,Common sorrel
Parmelia saxatilis,Salted shield lichen
Amblyptilia acanthadactyla,Plume moth
Syritta pipiens,Hover fly
Parmelia sulcata,Hammered shield lichen
Ramalina siliquosa,Sea ivory
Mnemiopsis leidyi,Sea walnut
Ampullaceana balthica,Wandering pond snail
Ailanthus altissima,Tree-of-heaven
Syrphus ribesii,Common flower fly
Eudonia mercurella,Small grey
Merodon equestris,Greater bulb-fly
Pagurus bernhardus,Common hermit crab
Omocestus viridulus,Common green grasshopper
Xanthoria parietina,Common sunburst lichen
Episyrphus balteatus,Marmalade hoverfly
Depressaria badiella,Brown flat-body
Bombus terrstris,Buff tailed bumblebee
Trochulus hispidus,Bristly snail
Motacilla alba yarrellii,Pied wagtail
Udea prunalis,Dusky pearl
Acer negundo ,Box elder
Marchantia polymorpha,Liverwort
Lasius niger,Small black ant
Aphomia sociella,Bee moth
Anthophila fabriciana,Nettle tap
Meliscaeva cinctella,American thintail fly
Cyanea lamarckii,Blue jellyfish
Motacilla alba alba,White wagtail (white-faced)
Cancer pagurus,Edible crab
Ligularia dentata ,Leopardplant
Epiblema sticticana,"Colt's-foot bell, colt's-foot root-borer"
Esperia sulphurella,Moth
Vicia sativa subsp. segetalis,Narrow-leaf vetch
Dichrorampha petiverella,Common drill moth
Lobaria pulmonaria,Tree lungwort
Lunularia cruciata,Crescent-cup liverwort
Endrosis sarcitrella,White-shouldered house moth
Centaurea nigra subsp. nigra,Common knapweed
Yponomeuta evonymella,Bird-cherry ermine moth
Anania hortulata,Small magpie
Endrosis sarcitrella,White-shouldered house moth
Epiblema sticticana,"Colt's-foot bell, colt's-foot root-borer"
Agapeta hamana,Common yellow conch
Amblyptilia acanthadactyla,Plume moth
Eudonia mercurella,Small grey
Meliscaeva cinctella,American thintail fly
Syritta pipiens,Hover fly
Syrphus torvus,Hairy-eyed flower fly
Aphomia sociella,Bee moth
Acanthopsyche atra,Dusky sweep
Episyrphus balteatus,Marmalade hoverfly
Esperia sulphurella,Moth
Anthophila fabriciana,Nettle tap
Eristalis nemorum,Orange-spined drone fly
Anania hortulata,Small magpie
Dichrorampha petiverella,Common drill moth
Udea prunalis,Dusky pearl
Depressaria badiella,Brown flat-body
Merodon equestris,Greater bulb-fly
Yponomeuta evonymella,Bird-cherry ermine moth
Syrphus ribesii,Common flower fly
Agapeta hamana,Common yellow conch
Eudonia mercurella,Small grey
Episyrphus balteatus,Marmalade hoverfly
Anania hortulata,Small magpie
Endrosis sarcitrella,White-shouldered house moth
Dichrorampha petiverella,Common drill moth
Eristalis nemorum,Orange-spined drone fly
Anthophila fabriciana,Nettle tap
Syrphus torvus,Hairy-eyed flower fly
Syritta pipiens,Hover fly
Meliscaeva cinctella,American thintail fly
Amblyptilia acanthadactyla,Plume moth
Syrphus ribesii,Common flower fly
Yponomeuta evonymella,Bird-cherry ermine moth
Epiblema sticticana,"Colt's-foot bell, colt's-foot root-borer"
Acanthopsyche atra,Dusky sweep
Aphomia sociella,Bee moth
Merodon equestris,Greater bulb-fly
Esperia sulphurella,Moth
Depressaria badiella,Brown flat-body
Udea prunalis,Dusky pearl
Udea prunalis,Dusky pearl
Depressaria badiella,Brown flat-body
Anania hortulata,Small magpie
Endrosis sarcitrella,White-shouldered house moth
Eudonia mercurella,Small grey
Epiblema sticticana,"Colt's-foot bell, colt's-foot root-borer"
Aphomia sociella,Bee moth
Yponomeuta evonymella,Bird-cherry ermine moth
Merodon equestris,Greater bulb-fly
Anthophila fabriciana,Nettle tap
Amblyptilia acanthadactyla,Plume moth
Dichrorampha petiverella,Common drill moth
Esperia sulphurella,Moth
Syritta pipiens,Hover fly
Episyrphus balteatus,Marmalade hoverfly
Meliscaeva cinctella,American thintail fly
Syrphus ribesii,Common flower fly
Depressaria badiella,Brown flat-body
Meliscaeva cinctella,American thintail fly
Agapeta hamana,Common yellow conch
Eristalis nemorum,Orange-spined drone fly
Udea prunalis,Dusky pearl
Amblyptilia acanthadactyla,Plume moth
Syrphus torvus,Hairy-eyed flower fly
Yponomeuta evonymella,Bird-cherry ermine moth
Aphomia sociella,Bee moth
Dichrorampha petiverella,Common drill moth
Epiblema sticticana,"Colt's-foot bell, colt's-foot root-borer"
Endrosis sarcitrella,White-shouldered house moth
Merodon equestris,Greater bulb-fly
Eudonia mercurella,Small grey
Esperia sulphurella,Moth
Episyrphus balteatus,Marmalade hoverfly
Syrphus ribesii,Common flower fly
Anthophila fabriciana,Nettle tap
Syritta pipiens,Hover fly
Anania hortulata,Small magpie
Acanthopsyche atra,Dusky sweep
Xylota segnis,Brown-toed forest fly
Dichrorampha petiverella,Common drill moth
Syritta pipiens,Hover fly
Eudonia mercurella,Small grey
Amblyptilia acanthadactyla,Plume moth
Syrphus torvus,Hairy-eyed flower fly
Yponomeuta evonymella,Bird-cherry ermine moth
Episyrphus balteatus,Marmalade hoverfly
Evergestis forficalis,Garden pebble
Epiblema sticticana,"Colt's-foot bell, colt's-foot root-borer"
Udea prunalis,Dusky pearl
Depressaria badiella,Brown flat-body
Anthophila fabriciana,Nettle tap
Syrphus ribesii,Common flower fly
Anania hortulata,Small magpie
Endrosis sarcitrella,White-shouldered house moth
Merodon equestris,Greater bulb-fly
Eucosma cana,"Hoary bell, hoary tortrix"
Meliscaeva cinctella,American thintail fly
Eristalis nemorum,Orange-spined drone fly
Acanthopsyche atra,Dusky sweep
Blastobasis adustella,Dingy dowd
Agapeta hamana,Common yellow conch
Esperia sulphurella,Moth
Aphomia sociella,Bee moth
Agapeta hamana,Common yellow conch
Eristalis nemorum,Orange-spined drone fly
Depressaria badiella,Brown flat-body
Eucosma cana,"Hoary bell, hoary tortrix"
Carcina quercana,Moth
Epiblema sticticana,"Colt's-foot bell, colt's-foot root-borer"
Syrphus torvus,Hairy-eyed flower fly
Anthophila fabriciana,Nettle tap
Yponomeuta evonymella,Bird-cherry ermine moth
Syritta pipiens,Hover fly
Syrphus ribesii,Common flower fly
Anania hortulata,Small magpie
Acanthopsyche atra,Dusky sweep
Eristalis tenax,Drone fly
Dichrorampha petiverella,Common drill moth
Esperia sulphurella,Moth
Eudonia mercurella,Small grey
Blastobasis adustella,Dingy dowd
Udea prunalis,Dusky pearl
Merodon equestris,Greater bulb-fly
Evergestis forficalis,Garden pebble
Aphomia sociella,Bee moth
Xylota segnis,Brown-toed forest fly
Endrosis sarcitrella,White-shouldered house moth
Episyrphus balteatus,Marmalade hoverfly
Meliscaeva cinctella,American thintail fly
Amblyptilia acanthadactyla,Plume moth
Dichrorampha petiverella,Common drill moth
Yponomeuta evonymella,Bird-cherry ermine moth
Xylota segnis,Brown-toed forest fly
Eucosma cana,"Hoary bell, hoary tortrix"
Evergestis forficalis,Garden pebble
Aphomia sociella,Bee moth
Endrosis sarcitrella,White-shouldered house moth
Anthophila fabriciana,Nettle tap
Eudonia mercurella,Small grey
Epiblema sticticana,"Colt's-foot bell, colt's-foot root-borer"
Meliscaeva cinctella,American thintail fly
Udea prunalis,Dusky pearl
Merodon equestris,Greater bulb-fly
Anania hortulata,Small magpie
Eristalis tenax,Drone fly
Eristalis nemorum,Orange-spined drone fly
Amblyptilia acanthadactyla,Plume moth
Syrphus torvus,Hairy-eyed flower fly
Esperia sulphurella,Moth
Syritta pipiens,Hover fly
Syrphus ribesii,Common flower fly
Depressaria badiella,Brown flat-body
Acanthopsyche atra,Dusky sweep
Blastobasis adustella,Dingy dowd
Episyrphus balteatus,Marmalade hoverfly
Agapeta hamana,Common yellow conch
Carcina quercana,Moth
Abies alba,European silver fir
Abies balsamea,Balsam fir
Abies nordmanniana,Caucasian fir
Abies procera,Christmastree
Acaena novae-zelandiae,Biddy-biddy
Acaena ovalifolia,Two-spined acaena
Acer cappadicicum,Cappadocian maple
Acer cincinatum,Vine maple
Acer davidii ,Father david's maple
Acer diabolicum,Devil's maple
Acer griseum,Chinese paperbark maple
Acer japonicum,Full-moon maple
Acer myabei,Miyabe's maple
Acer palmatum,Japanese maple
Acer rubrum,Red maple
Acer saccharinum,Silver maple
Achillea filipendulina,Fern-leaf yarrow
Achillea nobilis,Noble yarrow
Achillea tomentosa,Yarrow woolly
Aconitum napellus,Aconite
Aconitum variegatum,Manchurian monkshood
Acradenia frankliniae,Wirewood
Actaea spicata,Baneberry
Aesculus x carnea,Red horse-chestnut
Aesculus x carnea ,Red horse-chestnut
Agapanthus praecox,Blue lily
Agaricus xanthodermus,Yellow stainer
Alchemilla arvensis,Rose family
Allium cristophii,Persian onion
Allium giganteum,Giant onion
Allium paradoxum ,Few-flowered garlic
Allium roseum,Rosy garlic
Allium sativum,Garlic
Allium siculum,Honey garlic
Allium sphaerocephalon,Round-headed leek
Allium tuberosum,Chinese chives
Alnus glutinosa Laciniata,Alder
Ambrosia artemisiifolia,Common ragweed
Amelanchier arborea,Allegheny serviceberry
American elm,American elm
American gooseberry ,Hairy gooseberry
Andrena Sp.,Mining bee
Anemonoides nemorosa,Wood anemone
Aquilegia nigricans,Bulgarian columbine
Aralia elata,Japanese angelica tree
Arbutus andrachne,Greek strawberry tree
Arbutus unedo ,Strawberry tree
Aristotelia serrata,New zealand wineberry
Artemisia annua,Sweet wormwood
Artemisia dracunculus,Tarragon
Aruncus dioicus,Goat's beard
Asplenium scolopendrium,Hart's tongue
Astilbe japonica,False buck's-beard
Astrantia major,Greater masterwort
Atropa bella-donna,Belladonna
Aubrieta deltoidea,Aubretia
Aucuba japonica,Japanese aucuba
Azalea,Heather family
Azalea japonica,"Azalea, rhododendron"
Barberries,Barberries
Begonia cucullata,Clubbed begonia
Begonia semperflorens-cultorum,Bedding begonia
Berberis aquifolium,Hollyleaf barberry
Berberis bealei,Beale's barberry
Berberis darwinii,Darwin's barberry
Berberis julianae,Chinese barberry
Berberis nervosa,Cascade oregon-grape
Berberis thunbergii,Japanese barberry
Bergenia cordifola,Heart-leaved bergenia
Bergenia crassifolia,Elephant-ears
Betonica officinalis,Common hedgenettle
Betula utilis,Cao pi hua
Betula utilis ,Cao pi hua
Bistorta affinis,Himalayan fleeceflower
Bistortia officinalis,Common bistort
Black raspberry ,Black raspberry
Black walnut,Black walnut
Bolbitius titubans,Yellow fieldcap
Borago pygmaea,Slender borage
Borago pygmaeus,Slender borage
Borago pygmea,Slender borage
British Colombia Red Cedar,Red cedar
Bromus diandrus,Ripgut brome
Brunnera macrophylla,Brunnera
Bryum capillare ,Capillary thread-moss
Buddleja ,Butterfly bush
Buddleja globosa,Orange-ball-tree
Butomus umbellatus,Flowering-rush
Buxus microphylla,"Littleleaf box, japanese box"
Calamagrostis arenaria,European beachgrass
Calendula officinalis,Pot marigold
Calendula officinalis ,Pot marigold
Callistemon,Bottlebrush
Calycanthus floridus,Carolina-allspice
Calycine hawthorn,Hawthorn
Calycine hawthorn ,Hawthorn
Camellia,Tea
Camellia japonica,Common camellia
Camellia japonica ,Common camellia
Camphylopus introflexus,Heath star moss
Candolleomyces candolleanus,Pale brittlestem
Cardamine occulta,Hidden bittercress
Cardamine parviflora,Sand bittercress
Carex,Sedges
Carum carvi,Caraway
Ceanothus ,Ceanothus
Ceanothus impressus,Santa barbara ceanothus
Ceanothus thyrsiflorus,Blue blossom ceanothus
Centaurea jacea,Brown knapweed
Centaurea triumfettii,Squarrose knapweed
Cercidiphyllum japonicum,Katsura tree
Cercis siliquastrum,Judas-tree
Cersis chinensis,Chinese redbud
Chaenomeles speciosa,Zhou pi mu gua
Chaerophyllum aromaticum,Broadleaf chervil
Chamaecyparis pisifera,Sawara
Chamaemelum nobile,Chamomile
"Chamaenerion 
angustifolium",Fireweed
Chamaenerion angustifolium,Fireweed
Cherry laurel,Cherry laurel
Chlorophytum comosum,Spider plant
Choisya ternata,Mexican orange
Choisya ternata ,Mexican orange
Claytonia perfoliata ,Miner's lettuce
Clematis montana,Himalayan clematis
Clematis recta L.,Ground virginsbower
Clematis viticella,Italian leather flower
Coccinella 7-punctata,Seven-spotted ladybird
Coenagrion mercuriale,Southern damselfly
Colorado Blue Spruce,Colorado spruce
Colorado blue spruce,Colorado spruce
Common Laburnum ,Golden chain
Common buckthorn,Common buckthorn
Common horsetail,Field horsetail
Common lilac,Common lilac
Conocybe apala,Milky conecap
Coralberry,Coralberry
Cornus alba,Red-bark dogwood
Cornus mas,Cornelian cherry
Cornus sericea ,Red-osier dogwood
Corokia cotoneaster,Wire nettingbush
Cortaderia selloana,Pampas
Corylopsis spicata7,Winter hazel
Corylus colurna,Byzantine filbert
Cotinus coggygria,Smokebush
Cotoneaster,Cotoneasters
Cotoneaster bullatus,Hollyberry cotoneaster
Cotoneaster coriaceus,Late cotoneaster
Cotoneaster divaricatus,Spreading cotoneaster
Cotoneaster franchetii,Franchet's cotoneaster
Cotoneaster glaucophyllus,Glaucous cotoneaster
Cotoneaster rehderi,Bullate cotoneaster
Cotoneaster salicifolius,Rose
Cotoneaster x suecicus,Swedish cotoneaster
Cotoneaster × suecicus,Swedish cotoneaster
Crab Apple ,Apple
Crataegus crus-galli,Cockspur hawthorn
Crataegus douglasii,Black hawthorn
Creeping bellflower,Creeping bellflower
Creeping bramble,Bramble
Creeping thyme,Mother-of-thyme
Crepes pulchra,Hawk's-beard
Crinodendron hookerianum,Chilean lanterntree
Crocosmia crocosmiiflora,Autumn-gold
Crocosmia paniculata,Aunt eliza
Cryptomeria Japonica ,Japanese cedar
Cryptomeria japonica,Japanese cedar
Cupressus sempervirens,Italian cypress
Cydonia oblonga,Quince
Cymbalaria muralis ,Kenilworth ivy
Cynara cardunculus,Wild artichoke
Daedaleopsis confragosa,Blushing bracket
Dasiphora fruticosa,Bush cinquefoil
Davidia involucrata,Dovetree
Delphinium elatum,Alpine delphinium
Deutzia,Pride-of-rochester
Deutzia gracilis,Japanese snowflower
Deutzia scabra,Deutzia
Dianthus caryophyllus,Clove pink
Dianthus gratianopolitanus,Cheddar pink
Dianthus plumarius,Clove pink
Dichondra micrantha,Asian pony's-foot
Digitalis lutea,Straw foxglove
Dipsacus sativus,Fuller's teasel
Echinacea purpurea,Eastern purple coneflower
Echinops bannaticus,Blue globe thistle
Elaeagnus pungens,Spiny oleaster
Elaeagnus umbellata,Autumn-olive
Elymus repens,Quack grass
Epilobium ciliatum ,American willowherb
Epilobium tetragonum,Square-stalked willowherb
Erica Arborea,Tree heath
Erica carnea,Winter heath
Erica vagans,Cornish heath
Eriobotrya japonica,Loquat
Eriocapitella japonica,Japanese thimbleweed
Eryngium amethystinum,Amethyst eryngo
Eryngium planum,Blue eryngo
Erythranthe guttata,Spotted monkey flower
Escallonia rubra,Redclaws
Eschscholzia californica,California poppy
Eucalyptus globulis,Southern blue-gum
Eucryphia lucida,Leatherwood
Eudonia mercurella ,Small grey
Eunonymus fortunei,Climbing euonymus
Eunonymus japonicus,Evergreen spindletree
Euonymus fortunei,Winter creeper
Euonymus japonicus,Masaki
Euphorbia amygdaloides,Wood spurge
Euphorbia characias,Albanian spurge
Euphorbia cyparissias,Cypress spurge
Euphorbia griffithii,Griffith's spurge
Euphorbia palustris,Marsh spurge
Euphorbia platyphyllos,Broad spurge
Euthamia graminifolia,Common goldentop
Evernia prunastri,Oak moss
Fagus purpurea,Beech
False solomons seal,True seals
Fatsia japonica,Fatsia
Festuca glauca,Blue fescue
Field Woodrush,Field woodrush
Formosum sweet-gum,Sweet gum
Forsythia viridissima,"Chinese golden bell tree, green-stemmed forsythia, greenstem forsythia, korean forsythia"
Fragaria × ananassa,Strawberry
Fraxinus angustifolia,Narrow-leaved ash
Fraxinus ornus,Flowering ash
Fuchsia magellanica,Fuchsia
Fumaria lutea,Poppies
Fumaria vaillantii,Earthsmoke
"Fungi, False Turkey",Turkey
Fungi: Parasola(/Coprinus) leiocephala,Fungi
Galinsoga parviflora,Dumb-nettle
Galium album,White bedstraw
Galium sylvaticum,Scotch-mist
"Gallium album, hedge bedstraw",White bedstraw
Gaultheria hispidula,Creeping snowberry
Gaultheria mucronata,Prickly heath
Geranium endressii,French crane's-bill
Geranium macrorrhizum,Bigroot geranium
Geranium phaeum,Black-widow
Geranium phaeum ,Black-widow
Geranium psilostemon,Armenian crane's-bill
Geranium purpureum,Little robin
Geranium purpureum ,Little robin
Geranium purpurium ,Little robin
Geranium versicolor,Pencilled crane's-bill
Geranium × magnificum,Purple crane's-bill
Geum laciniatum,Rough avens
Geum macrophyllum,Big-leaf avens
Geum macrophyllum ,Big-leaf avens
Great burdock,Great burdock
Grey poplar,Poplars
Grey poplar ,Poplars
Griselinia littoralis,New zealand broadleaf
Hedera rhombea,Japanese ivy
Hedlundia hybrida,Swedish service-tree
Helianthus annuus,Common sunflower
Helleborus argutifolius,Corsican hellebore
Helleborus niger,Christmas-rose
Helleborus orientalis,Lenten-rose
Helliborus hybridus,Lenten-rose
Helminthotheca echioides,Bristly oxtongue
Hemerocallis fulva,Fulvous day-lily
Hemerocallis middendorffii,Amur day-lily
Hesperantha coccinea,Kaffir lily
Hesperocyparis macrocarpa,Monterey cypress
Heuchera,Alumroot
Heuchera micrantha,Alumroot
Heuchera sanguinea,Coralbells
Hibiscus syriacus,Rose-of-sharon
Himalayan birch,Cao pi hua
"Hippophae rhamnoides,Poa annua",Sallowthorn
Holodiscus discolor,Oceanspray
Hordeum vulgare,Barley
Hyacinthoides hispanica,Spanish bluebell
Hydrangea macrophylla,Chinese sweetleaf
Hydrangea macrophylla ,Chinese sweetleaf
Hydrangea paniculata,Panicle hydrangea
Hypericum calycinum,Aaron's-beard
Hypogymnia physodes,Dark crottle
Iberis sempervirens,Edging candytuft
Iberis umbellata,Globe candytuft
Inocybe geophylla,White fibrecap
Iris aphylla,Stool iris
Iris foetidissima,Stinking iris
Iris sanguinea,Blood iris
Iris versicolor,Blue flag
Italian Cypress,Cypress
Japanese barberry ,Japanese barberry
Japanese maple ,Japanese maple
Jasminum officinale,Common jasmine
Juniperus horizontalis,American savin
Juniperus sabina,Savin
Juniperus squamata,Flaky juniper
Kalmia angustifolia,Dwarf-laurel
Kniphofia uvaria,Red-hot-poker
Kolkwitzia amabilis,Beautybush
Laburnum,Golden chain tree
Laburnum anagroides,Golden chain tree
Lactuca floridana,Florida blue lettuce
Lactuca muralis,Wall lettuce
Lactuca muralis ,Wall lettuce
Lactuca sativa,Garden lettuce
Lagarostrobos franklinii,Macquarie pine
Lamium galeobdolon,Yellow archangel
Lamprocapnos spectabilis,Bleeding heart
Lavandula stoechas,French lavender
Lavender,Lavender
Lepidium virginicum,Least pepperwort
Leucanthemum maximum,Daisy-chrysanthemum
Leucothoe axillaris,Leucothoe
Leucothoe fontanesiana,Switch-ivy
Levisticum officinale,Lovage
Leycestaria formosa,Himalaya-honeysuckle
Leycesteria formosa,Himalaya-honeysuckle
Libertia chilensis,Satin flower
Ligularia dentata,Leopardplant
Ligustrum sinense,Chinese privet
Lilium pyrenaicum,Pyrenean lily
Limnanthes macounii,Macoun's meadowfoam
Liquidambar styraciflua,Sweet gum
Liriodendron tulipifera,Bois-jaune
Lonicera ligustrina pileata,Box-leaved honeysuckle
Lonicera nitida,Wilson's honeysuckle
Lonicera nitida ,Wilson's honeysuckle
Lonicera pileata ,Box-leaved honeysuckle
Lotus cornicalatus,Bird's-foot trefoil
Lotus tenuis,Slender trefoil
Lunaria rediviva,Perennial honesty
Luneria rediviva,Perennial honesty
Lycogala epidendrum,Wolf's milk slime
Lyonia ligustrina,Maleberry
Lysimachia maritima,Sea-milkwort
Magnolia kobus,Kobus magnolia
Magnolia liliiflora,Purple magnolia
Magnolia stellata,Star magnolia
Maianthemum bifolium,May lily
Malus domestica,Apple
Malus hupehensis,Chinese crab apple
"Marchantia
polymorpha",Liverwort
Meconopsis cambrica ,Welsh-poppy
Melissa officinalis,Common balm
Metasequoia glyptostroboides,Dawn redwood
Millium effusum,Millet grass
Monterey cypress,Cypress
Monterey cypress ,Cypress
Morus nigra,Black mulberry
Muscari neglectum,Grape-hyacinth
Myrtus communis,Myrtle
Nassella tenuissima,Argentine needlegrass
Nepeta racemosa,Raceme catnip
Nettle-leaved bellflower,Nettle-leaf bellflower
Norway maple,Norway maple
Nothofagus menziesii,Silver beech
Nothoscordum gracile,Slender false garlic
Oenothera glazioviana,Large-flowered evening-primrose
Olearia cheesemanii,Streamside tree daisy
Olearia ilicifolia,Maori-holly
Onion,Onion
Onoclea struthiopteris,Ostrich fern
Ophiopogon planiscapus,Black mondo
Orchard grass,Orchard grass
Ornithogalum nutans,Drooping star of bethlehem
Osmanthus heterophyllus,Chinese-holly
Oxalis exilis ,Least yellow-sorrel
Oxalis incarnata,Crimson woodsorrel
Oxalis stricta,Common yellow oxalis
Pachysandra terminalis,Carpet box
Paeonia,Peonies
Paeonia officinalis,Common peony
Panaeolus foenisecii,Brown mottlegill
Panicum dichotomiflorum,Fall panicum
Papaver cambricum,Welsh-poppy
Parasola conopilea,Conical brittlestem
Parietaria officinalis,Eastern pellitory-of-the-wall
Parthenocissus quinquefolia,Woodbine
Passiflora caerulea,Blue passionflower
Penstemon cobaea ,Cobaea beardtongue
Pentaglotis sempervirens,Evergreen bugloss
Petasites pyrenaicus,Winter heliotrope
Petrosedum rupestre,Rock stonecrop
Phaeolus schweinitzii,"Velvet-top fungus, dyer's polypore, dyer's mazegill, pine dye polypore"
Phedimus spurius,O-benkei-so
Philadelphus coronarius,Mock orange
Phlomis russeliana,Turkish sage
Phlox paniculata,Fall phlox
Phlox subulata,Moss phlox
Phormium cookianum,Lesser new zealand flax
Phormium tenax,New zealand flax
Photinia serratifolia,Japanese photinia
Photinia × fraseri,Fraser's photinia
Phragmites australis ,Common reed
Physocarpus opulifolius,Ninebark
Pieris japonica,Japanese andromeda
Pieris japonica ,Japanese andromeda
Pinus mugo,Mugo pine
Pinus pumila,Hai-matsu
Pittosporum tenuifolium,Kohuhu
Plantain lilies,Plantain lilies
Platycladus orientalis,Chinese thuja
Plum (prunus domestica),Plum
Poa bulbosa,Bulbous bluegrass
Polygonatum multiflorum,Eurasian solomon's seal
Polypogon viridis,Water bent grass
Populus candicans,"Aspen, cottonwood, poplar"
Populus nigra,Black poplar
Populus × canescens,Gray poplar
Potentilla fruticosa,Bush cinquefoil
Primula denticulata,Drumstick primula
Primula elatior,Oxlip
Prunus (domestica?),"Almond, cherry, plum"
Prunus domestica,Plum
Prunus domestica ,Plum
Prunus domesticus,European plum
Prunus serotina,Black cherry
Prunus shirotae,"Almond, cherry, plum"
Pseudosasa japonica,Arrow bamboo
Pulmonaria officinalis,Lungwort
Purple osier,Purple osier
Pyracantha coccinea,Scarlet firethorn
Pyrus communis,Pear
Pyrus communis ,Pear
Pyrus cordata,Plymouth pear
Pyrus pyraster,Wild pear
Quercus palustris,Pin oak
Ramalina fastigiata,Dotted ribbon lichen
Red maple,Red maple
Reticularia lycoperdon,False puffball
Reynoutria japonica,Japanese knotweed
Rhamphospermum arvense,Charlock mustard
Rheum rhabarbarum,Garden rhubarb
Rhododendron albiflorum,Cascade azalea
Rhododendron calendulaceum,Flame azalea
Rhododendron catawbiense,Catawba rosebay
Rhododendron luteum,Yellow azalea
Rhododendron macrophyllum,California rose bay
Rhododendron menziesii,Mock azalea
Ribes acerifolium,Mapleleaf currant
Ribes sanguineum ,Flowering currant
Ribes sanguineun,Flowering currant
Ribes sanguinii,Flowering currant
Ribes sanguinium,Flowering currant
Robinia pseudacacia,Black locust
Rosa acicularis,Prickly rose
Rosa agrestis,Field briar
Rosa arvensis,Field-rose
Rosa caesia vosagica,Glaucous dog-rose
Rosa chinensis,China rose
Rosa gallica,French rose
Rosa majalis,Cinnamon rose
Rosa multiflora,Japanese rose
Rosa multiflora ,Japanese rose
"Rosa rubiginosa,Docks",Rose
Rosa rugosa ,Turkestan rose
Rosa virginiana,Virginian rose
Rose agrestis,Small-leaved sweet-briar
Rose arvensis,Field-rose
Round headed garlic,Garlic
Rubus odoratus,Flowering raspberry
Rubus tricolor,Chinese bramble
Rugosa rose,Animals
Rugosa rose ,Animals
Rumex pulcher,Fiddle dock
Ruscus aculeatus,Butcher's-broom
Salix atrocinerea,Large gray willow
Salix babylonica,Weeping willow
Salix euxina,Crack willow
Salvia greggii,Autumn sage
Salvia nemorosa,Balkan clary
Salvia officinalis,Garden sage
Salvia pratensis,Introduced sage
Salvia rosmarinus,Rosemary
Sambucus nigra ,European elder
Santolina chamaecyparissus,Lavender cotton
Santolina chamaecyparissus L.,Lavender cotton
Sarcococca ruscifolia,Fragrant sweet-box
Sarcococca<a0>confusa,Sweet box
Saxifraga cuneifolia,Lesser londonpride
Saxifraga paniculata,Lifelong saxifrage
Saxifraga stolonifera,Hu er cao
Saxifraga × arendsii,Garden mossy-saxifrage
Saxifrage paniculata,Lifelong saxifrage
Scandosorbus intermedia,Swedish whitebeam
Scilla sect. Chionodoxa - Lucilles glory of the snow,Scilla
Scutellaria altissima,Tall skullcap
Sedum album ,White stonecrop
Sedum mexicanum,Mexican stonecrop
Senecio doria,Golden ragwort
Senecio inaequidens,Narrow-leaved ragwort
Senecio vulgaris ,Old-man-in-the-spring
Silene coronaria,Rose campion
Silver fir,European silver fir
Small-leaved bittercress,Bittercresses
Small-leaved lime,Lime
Smooth Solomons seal,True seals
Snowberry ,Snowberry
Solanum lycopersicum,Tomato
Solanum tuberosum,Potato
Soliva sessilis,Field burrweed
Solomons Seals,True seals
"Sorbus 
intermedia",Rose family
Sorbus hupehensis ,Hupeh rowan
Spinacia oleracea,Spinach
Spiraea alba,Meadowsweet
Spiraea cantoniensis,Reeve's spiraea
Spiraea douglasii,Douglas' spirea
Spiraea japonica,Japanese meadowsweet
Spiraea prunifolia,Bridal-wreath spiraea
Spiraea thunbergii,Thunberg spiraea
Spiraea trilobata,Asian meadowsweet
Stachys byzantina,Woolly betony
Svennsons Copper Underwing,Copper underwing
Swallows,Swallows
Sweet pea,Sweet pea
"Symphoricarpos albus
",Common snowberry
Symphoricarpos albus ,Common snowberry
Symphoricarpos microphyllus,Pink snowberry
Symphyotrichum novi-belgii,New york aster
Syringa josikaea,Hungarian lilac
Syringa vulgaris,Common lilac
Tanacetum coccineum,Garden pyrethrum
Tanacetum corymbosum,Corymbflower tansy
Tanacetum corymbosum ,Corymbflower tansy
Tanaceum corymbosum,Corymbflower tansy
Taxus canadensis,Ground-hemlock
Tellima grandiflora,Fringecups
Tilia tomentosa,Silver linden
Torilis arvensis,Canada hedgeparsley
Torminalis glaberrima,Wild service-tree
Tree peony,Tree peony
Trifolium hybridum,Alsike clover
Trifolium subterranean,Subterranean clover
Trifolium subterraneum,Subterranean clover
Triticum aestivum,Bread wheat
Tubaria furfuracea,Scurfy twiglet
Tulipa gesneriana,Didier's tulip
Usnea hirta,Bristly beard lichen
Verbascum phoaniceum,Purple mullein
Veronica filiformis ,Creeping speedwell
Veronica longifolia,Garden speedwell
Veronica persica ,Bird-eye speedwell
Veronica salicifolia,Koromiko
Veronica salicifolia ,Koromiko
Viburnum carlesii,Korean spice viburnum
Viburnum farreri,Culver's root
Viburnum lantana,Mealytree
Viburnum plicatum,Japanese snowball
Viburnum rhytidophyllum,Leatherleaf
Viburnum tinus,Laurustinus
Viburnum tinus ,Laurustinus
Viburnum tinus L.,Laurustinus
Vicia faba,Fava bean
Vinca major,Large periwinkle
Visnaga daucoides,Toothpick-plant
Weigela florida,Old-fashion weigela
Welsh poppy ,Welsh-poppy
White cedar,Pink manjack
Wild Plum,Plum
Wild thyme,Thyme
Wisteria floribunda,Japanese wisteria
Zelkova serrata,Japanese zelkova
Zizia aurea,Golden alexanders
acer diabolicum ,Devil's maple
aesculus x carnea,Red horse-chestnut
ceanothus thyrsiflorus,Blue blossom ceanothus
convallaria majalis,Lily-of-the-valley
daffodil,Daffodil
escallonia rubra,Redclaws
juniperus horizontalis,American savin
juniperus sabina,Savin
lemna minuta,Least duckweed
panaeolus foenisecii,Brown mottlegill
pentaglottis sempervirens,Evergreen bugloss
pentaglottis sempervirens ,Evergreen bugloss
pieris japonica,Japanese andromeda
pinus mugo,Mugo pine
pseudotsuga menziesii,Douglas-fir
quercus frainetto,Hungarian oak
rhubarb,Garden rhubarb
veronica salicifolia,Koromiko
Cirsium discolor,Field thistle
Marchantia polymorpha subsp. ruderalis,Common liverwort
Metzgeria furcata,Forked veilwort
Rapistrum rugosum,Wild turnip
Endrosis sarcitrella,White-shouldered house moth
Acanthopsyche atra,Dusky sweep
Depressaria badiella,Brown flat-body
Syrphus torvus,Hairy-eyed flower fly
Udea prunalis,Dusky pearl
Eristalis nemorum,Orange-spined drone fly
Aphomia sociella,Bee moth
Xylota segnis,Brown-toed forest fly
Syritta pipiens,Hover fly
Amblyptilia acanthadactyla,Plume moth
Episyrphus balteatus,Marmalade hoverfly
Yponomeuta evonymella,Bird-cherry ermine moth
Blastobasis adustella,Dingy dowd
Dichrorampha petiverella,Common drill moth
Syrphus ribesii,Common flower fly
Agapeta hamana,Common yellow conch
Carcina quercana,Moth
Anthophila fabriciana,Nettle tap
Epiblema sticticana,"Colt's-foot bell, colt's-foot root-borer"
Anania hortulata,Small magpie
Eucosma cana,"Hoary bell, hoary tortrix"
Eristalis tenax,Drone fly
Esperia sulphurella,Moth
Meliscaeva cinctella,American thintail fly
Evergestis forficalis,Garden pebble
Merodon equestris,Greater bulb-fly
Eudonia mercurella,Small grey
Syritta pipiens,Hover fly
Episyrphus balteatus,Marmalade hoverfly
Xylota segnis,Brown-toed forest fly
Eucosma cana,"Hoary bell, hoary tortrix"
Acanthopsyche atra,Dusky sweep
Blastobasis adustella,Dingy dowd
Depressaria badiella,Brown flat-body
Eudonia mercurella,Small grey
Dichrorampha petiverella,Common drill moth
Carcina quercana,Moth
Anania hortulata,Small magpie
Agapeta hamana,Common yellow conch
Udea prunalis,Dusky pearl
Meliscaeva cinctella,American thintail fly
Eristalis tenax,Drone fly
Syrphus ribesii,Common flower fly
Aphomia sociella,Bee moth
Epiblema sticticana,"Colt's-foot bell, colt's-foot root-borer"
Anthophila fabriciana,Nettle tap
Yponomeuta evonymella,Bird-cherry ermine moth
Eristalis nemorum,Orange-spined drone fly
Esperia sulphurella,Moth
Endrosis sarcitrella,White-shouldered house moth
Evergestis forficalis,Garden pebble
Amblyptilia acanthadactyla,Plume moth
Syrphus torvus,Hairy-eyed flower fly
Merodon equestris,Greater bulb-fly
Amblyptilia acanthadactyla,Plume moth
Anania hortulata,Small magpie
Meliscaeva cinctella,American thintail fly
Xylota segnis,Brown-toed forest fly
Endrosis sarcitrella,White-shouldered house moth
Esperia sulphurella,Moth
Yponomeuta evonymella,Bird-cherry ermine moth
Eudonia mercurella,Small grey
Eristalis tenax,Drone fly
Dichrorampha petiverella,Common drill moth
Eucosma cana,"Hoary bell, hoary tortrix"
Syrphus ribesii,Common flower fly
Episyrphus balteatus,Marmalade hoverfly
Anthophila fabriciana,Nettle tap
Merodon equestris,Greater bulb-fly
Acanthopsyche atra,Dusky sweep
Epiblema sticticana,"Colt's-foot bell, colt's-foot root-borer"
Syritta pipiens,Hover fly
Blastobasis adustella,Dingy dowd
Evergestis forficalis,Garden pebble
Agapeta hamana,Common yellow conch
Syrphus torvus,Hairy-eyed flower fly
Carcina quercana,Moth
Udea prunalis,Dusky pearl
Eristalis nemorum,Orange-spined drone fly
Aphomia sociella,Bee moth
Depressaria badiella,Brown flat-body
Eudonia mercurella,Small grey
Udea prunalis,Dusky pearl
Endrosis sarcitrella,White-shouldered house moth
Evergestis forficalis,Garden pebble
Eucosma cana,"Hoary bell, hoary tortrix"
Agapeta hamana,Common yellow conch
Carcina quercana,Moth
Yponomeuta evonymella,Bird-cherry ermine moth
Merodon equestris,Greater bulb-fly
Meliscaeva cinctella,American thintail fly
Anania hortulata,Small magpie
Episyrphus balteatus,Marmalade hoverfly
Blastobasis adustella,Dingy dowd
Syrphus torvus,Hairy-eyed flower fly
Aphomia sociella,Bee moth
Acanthopsyche atra,Dusky sweep
Syritta pipiens,Hover fly
Eristalis nemorum,Orange-spined drone fly
Syrphus ribesii,Common flower fly
Depressaria badiella,Brown flat-body
Dichrorampha petiverella,Common drill moth
Amblyptilia acanthadactyla,Plume moth
Xylota segnis,Brown-toed forest fly
Anthophila fabriciana,Nettle tap
Esperia sulphurella,Moth
Eristalis tenax,Drone fly
Epiblema sticticana,"Colt's-foot bell, colt's-foot root-borer"
Evergestis forficalis,Garden pebble
Episyrphus balteatus,Marmalade hoverfly
Aphomia sociella,Bee moth
Eristalis tenax,Drone fly
Anania hortulata,Small magpie
Acanthopsyche atra,Dusky sweep
Ancylis diminutana,"Rufous hook-wing, small festooned roller"
Eristalis arbustorum,Hover fly
Coleophora versurella,Pale orache case-bearer
Eucosma cana,"Hoary bell, hoary tortrix"
Depressaria badiella,Brown flat-body
Epiblema sticticana,Colt's-foot bell
Udea prunalis,Dusky brindled pearl
Yponomeuta evonymella,Bird-cherry ermine moth
Esperia sulphurella,Moth
Syritta pipiens,Hover fly
Xylota segnis,Brown-toed forest fly
Merodon equestris,Greater bulb-fly
Endrosis sarcitrella,White-shouldered house moth
Eristalis nemorum,Orange-spined drone fly
Carcina quercana,Long-horned flat-body
Syrphus torvus,Hairy-eyed flower fly
Agriphila tristella,Common grass veneer
Blastobasis adustella,Dingy dowd
Dichrorampha petiverella,Common drill
Agapeta hamana,Common yellow conch
Anthophila fabriciana,Common nettle-tap
Amblyptilia acanthadactyla,Beautiful plume
Meliscaeva cinctella,American thintail fly
Syrphus ribesii,Common flower fly
Eudonia mercurella,Small grey
Episyrphus balteatus,Marmalade hoverfly
Endrosis sarcitrella,White-shouldered house moth
Epiblema sticticana,Colt's-foot bell
Agriphila tristella,Common grass veneer
Syrphus torvus,Hairy-eyed flower fly
Anthophila fabriciana,Common nettle-tap
Depressaria badiella,Brown flat-body
Ancylis diminutana,"Rufous hook-wing, small festooned roller"
Eudonia mercurella,Small grey
Evergestis forficalis,Garden pebble
Syritta pipiens,Hover fly
Blastobasis adustella,Dingy dowd
Eristalis nemorum,Orange-spined drone fly
Eristalis tenax,Drone fly
Acanthopsyche atra,Dusky sweep
Esperia sulphurella,Moth
Yponomeuta evonymella,Bird-cherry ermine moth
Eucosma cana,"Hoary bell, hoary tortrix"
Dichrorampha petiverella,Common drill
Agapeta hamana,Common yellow conch
Amblyptilia acanthadactyla,Beautiful plume
Eristalis arbustorum,Hover fly
Anania hortulata,Small magpie
Coleophora versurella,Pale orache case-bearer
Meliscaeva cinctella,American thintail fly
Merodon equestris,Greater bulb-fly
Aphomia sociella,Bee moth
Carcina quercana,Long-horned flat-body
Xylota segnis,Brown-toed forest fly
Udea prunalis,Dusky brindled pearl
Syrphus ribesii,Common flower fly
Merodon equestris,Greater bulb-fly
Meliscaeva cinctella,American thintail fly
Anania hortulata,Small magpie
Eristalis arbustorum,Hover fly
Dichrorampha petiverella,Common drill
Udea prunalis,Dusky brindled pearl
Syrphus ribesii,Common flower fly
Aphomia sociella,Bee moth
Agapeta hamana,Common yellow conch
Blastobasis adustella,Dingy dowd
Anthophila fabriciana,Common nettle-tap
Agriphila tristella,Common grass veneer
Syrphus torvus,Hairy-eyed flower fly
Ancylis diminutana,"Rufous hook-wing, small festooned roller"
Eristalis tenax,Drone fly
Evergestis forficalis,Garden pebble
Eristalis nemorum,Orange-spined drone fly
Coleophora versurella,Pale orache case-bearer
Episyrphus balteatus,Marmalade hoverfly
Depressaria badiella,Brown flat-body
Eudonia mercurella,Small grey
Yponomeuta evonymella,Bird-cherry ermine moth
Epiblema sticticana,Colt's-foot bell
Endrosis sarcitrella,White-shouldered house moth
Carcina quercana,Long-horned flat-body
Acanthopsyche atra,Dusky sweep
Amblyptilia acanthadactyla,Beautiful plume
Xylota segnis,Brown-toed forest fly
Esperia sulphurella,Moth
Syritta pipiens,Hover fly
Eucosma cana,"Hoary bell, hoary tortrix"
Syritta pipiens,Hover fly
Megachile willughbiella,Willughby's leaf-cutter bee
Parasola leiocephala,Bald inkcap
Chrysoteuchia culmella,Garden grass veneer
Syrphus ribesii,Common flower fly
Yponomeuta evonymella,Bird-cherry ermine moth
Scoparia ambigualis,Common grey
Elophila nymphaeata,Brown china-mark
Hygromia cinctella,Girdled snail
Episyrphus balteatus,Marmalade hoverfly
Hedya nubiferana,Green budworm
Coleophora versurella,Pale orache case-bearer
Gymnopus dryophilus,Penny top
Eudonia mercurella,Small grey
Cepaea hortensis,Smaller banded snail
Udea prunalis,Dusky brindled pearl
Xylota segnis,Brown-toed forest fly
Ancylis diminutana,"Rufous hook-wing, small festooned roller"
Brassica rapa,Field mustard
Eristalis nemorum,Orange-spined drone fly
Evergestis forficalis,Garden pebble
Blastobasis adustella,Dingy dowd
Xerocomus subtomentosus,"Suede bolete, brown and yellow bolete, boring brown bolete, yellow-cracked bolete"
Endrosis sarcitrella,White-shouldered house moth
Pandemis cerasana,Barred fruit-tree tortrix
Agriphila tristella,Common grass veneer
Acanthopsyche atra,Dusky sweep
Acrobasis advenella,Grey knot-horn
Udea lutealis,Pale straw pearl
Eucosma cana,"Hoary bell, hoary tortrix"
Marasmius rotula,Collared parachute
Esperia sulphurella,Moth
Carcina quercana,Long-horned flat-body
Udea olivalis,Olive pearl
Epiphyas postvittana,Light brown apple moth
Epiblema sticticana,Colt's-foot bell
Melanostoma mellinum,Hover fly
Depressaria badiella,Brown flat-body
Eucosma campoliliana,Marbled bell
Dichrorampha petiverella,Common drill
Fuchsia magellanica ,Fuchsia
Ypsolopha sequella,Pied smudge
Sphaerophoria sp,Globetails
Yponomeuta rorrella,Willow ermine moth
Amblyptilia acanthadactyla,Beautiful plume
Eristalis arbustorum,Hover fly
Baccha elongata,Common dainty
Syrphus torvus,Hairy-eyed flower fly
Eristalis tenax,Drone fly
Sorbus torminalis,Wild service-tree
Sitochroa palealis,Greenish-yellow sitochroa moth
Gloeophyllum sepiarium,Conifer mazegill
Parasola auricoma,Goldenhaired inkcap
Cepaea nemoralis,Banded wood snail
Ancylis badiana,Common roller
Acleris forsskaleana,Maple button
Tinea semifulvella,Fulvous clothes
Meliscaeva cinctella,American thintail fly
Eupeodes latifasciatus,Variable aphideater
Merodon equestris,Greater bulb-fly
Epistrophe grossulariae,Black-horned smoothtail
Ashfordia granulata,Silky snail
Aphomia sociella,Bee moth
Monacha cantiana,Kentish snail
Cnephasia stephensiana,Great grey shade
Notocelia cynosbatella,Yellow-faced bell
Coprinellus micaceus ,Glistening ink-cap
Megachile circumcinta ,Black-headed leafcutter bee
Epinotia nisella,Grey poplar bell
Potentilla�fruticosa,Cinquefoil
Cnephasia longana,Leaf roller
Anania hortulata,Small magpie
Ypsolopha ustella,Moth
Agapeta hamana,Common yellow conch
Anthophila fabriciana,Common nettle-tap
Eristalis nemorum,Orange-spined drone fly
Yponomeuta rorrella,Willow ermine moth
Merodon equestris,Greater bulb-fly
Anania hortulata,Small magpie
Epistrophe grossulariae,Black-horned smoothtail
Endrosis sarcitrella,White-shouldered house moth
Ypsolopha sequella,Pied smudge
Udea lutealis,Pale straw pearl
Baccha elongata,Common dainty
Evergestis forficalis,Garden pebble
Eucosma campoliliana,Marbled bell
Sphaerophoria sp,Globetails
Anthophila fabriciana,Common nettle-tap
Elophila nymphaeata,Brown china-mark
Melanostoma mellinum,Hover fly
Sitochroa palealis,Greenish-yellow sitochroa moth
Eudonia mercurella,Small grey
Eucosma cana,"Hoary bell, hoary tortrix"
Aphomia sociella,Bee moth
Dichrorampha petiverella,Common drill
Tinea semifulvella,Fulvous clothes
Ypsolopha ustella,Moth
Hedya nubiferana,Green budworm
Ancylis diminutana,"Rufous hook-wing, small festooned roller"
Ancylis badiana,Common roller
Potentilla�fruticosa,Cinquefoil
Acrobasis advenella,Grey knot-horn
Pandemis cerasana,Barred fruit-tree tortrix
Epiphyas postvittana,Light brown apple moth
Cnephasia stephensiana,Great grey shade
Amblyptilia acanthadactyla,Beautiful plume
Blastobasis adustella,Dingy dowd
Syrphus torvus,Hairy-eyed flower fly
Esperia sulphurella,Moth
Agriphila tristella,Common grass veneer
Episyrphus balteatus,Marmalade hoverfly
Carcina quercana,Long-horned flat-body
Acanthopsyche atra,Dusky sweep
Udea prunalis,Dusky brindled pearl
Eupeodes latifasciatus,Variable aphideater
Cnephasia longana,Leaf roller
Notocelia cynosbatella,Yellow-faced bell
Meliscaeva cinctella,American thintail fly
Yponomeuta evonymella,Bird-cherry ermine moth
Epiblema sticticana,Colt's-foot bell
Udea olivalis,Olive pearl
Coleophora versurella,Pale orache case-bearer
Eristalis arbustorum,Hover fly
Syritta pipiens,Hover fly
Acleris forsskaleana,Maple button
Scoparia ambigualis,Common grey
Agapeta hamana,Common yellow conch
Syrphus ribesii,Common flower fly
Depressaria badiella,Brown flat-body
Chrysoteuchia culmella,Garden grass veneer
Epinotia nisella,Grey poplar bell
Eristalis tenax,Drone fly
Xylota segnis,Brown-toed forest fly
Syrphus ribesii,Common flower fly
Potentilla fruticosa,Bush cinquefoil
Eudonia mercurella,Small grey
Episyrphus balteatus,Marmalade hoverfly
Potentilla fruticosa,Bush cinquefoil
Syrphus ribesii,Common flower fly
Eudonia mercurella,Small grey
Episyrphus balteatus,Marmalade hoverfly
Episyrphus balteatus,Marmalade hoverfly
Syrphus ribesii,Common flower fly
Eudonia mercurella,Small grey
Potentilla fruticosa,Bush cinquefoil
Syrphus ribesii,Common flower fly
Episyrphus balteatus,Marmalade hoverfly
Eudonia mercurella,Small grey
Potentilla fruticosa,Bush cinquefoil
Episyrphus balteatus,Marmalade hoverfly
Syrphus ribesii,Common flower fly
Potentilla fruticosa,Bush cinquefoil
Eudonia mercurella,Small grey
Potentilla fruticosa,Bush cinquefoil
Syrphus ribesii,Common flower fly
Eudonia mercurella,Small grey
Episyrphus balteatus,Marmalade hoverfly
Eudonia mercurella,Small grey
Syrphus ribesii,Common flower fly
Potentilla fruticosa,Bush cinquefoil
Episyrphus balteatus,Marmalade hoverfly
Eudonia mercurella,Small grey
Potentilla fruticosa,Bush cinquefoil
Episyrphus balteatus,Marmalade hoverfly
Syrphus ribesii,Common flower fly
Eudonia mercurella,Small grey
Potentilla fruticosa,Bush cinquefoil
Syrphus ribesii,Common flower fly
Chlorophyllum rhacodes,Shaggy parasol
Episyrphus balteatus,Marmalade hoverfly
Eudonia mercurella,Small grey
Potentilla fruticosa,Bush cinquefoil
Syrphus ribesii,Common flower fly
Eristalis tenax,Drone fly
Episyrphus balteatus,Marmalade hoverfly
Episyrphus balteatus,Marmalade hoverfly
Eristalis tenax,Drone fly
Eudonia mercurella,Small grey
Syrphus ribesii,Common flower fly
Potentilla fruticosa,Bush cinquefoil
Pluteus cervinus,Deer shield
Potentilla fruticosa,Bush cinquefoil
Syrphus ribesii,Common flower fly
Episyrphus balteatus,Marmalade hoverfly
Eristalis tenax,Drone fly
Mycena galericulata,Bonnet mycena
Eudonia mercurella,Small grey
Clitocybe nebularis,Clouded agaric
Syrphus ribesii,Common flower fly
Lepista flaccida,Tawny funnel
Potentilla fruticosa,Bush cinquefoil
Episyrphus balteatus,Marmalade hoverfly
Collybia nuda,Wood blewit
Eristalis tenax,Drone fly
Psathyrella candolleana,Pale brittlestem
Eudonia mercurella,Small grey
Episyrphus balteatus,Marmalade hoverfly
Syrphus ribesii,Common flower fly
Potentilla fruticosa,Shrubby cinquefoil
Geastrum striatum,Striate earthstar
Tremella mesenterica,Witches' butter
Eristalis tenax,Drone fly
Bjerkandera adusta,Smoky bracket
Eudonia mercurella,Small grey
Calvatia gigantea,Giant puffball
Syrphus ribesii,Common flower fly
Eristalis tenax,Drone fly
Episyrphus balteatus,Marmalade hoverfly
Eudonia mercurella,Small grey
Potentilla fruticosa,Shrubby cinquefoil
Anania hortulata,Small magpie
Udea prunalis,Dusky brindled pearl
Syritta pipiens,Hover fly
Evergestis forficalis,Garden pebble
Acanthopsyche atra,Dusky sweep
Eudonia mercurella,Small grey
Anthophila fabriciana,Common nettle-tap
Notocelia cynosbatella,Yellow-faced bell
Syrphus torvus,Hairy-eyed flower fly
Esperia sulphurella,Moth
Xylota segnis,Brown-toed forest fly
Carcina quercana,Long-horned flat-body
Coleophora versurella,Pale orache case-bearer
Amblyptilia acanthadactyla,Beautiful plume
Cnephasia longana,Leaf roller
Sphaerophoria sp,Globetails
Ancylis diminutana,"Rufous hook-wing, small festooned roller"
Eristalis arbustorum,Hover fly
Yponomeuta rorrella,Willow ermine moth
Cnephasia stephensiana,Great grey shade
Epiblema sticticana,Colt's-foot bell
Tinea semifulvella,Fulvous clothes
Ypsolopha sequella,Pied smudge
Ancylis badiana,Common roller
Sitochroa palealis,Greenish-yellow sitochroa moth
Epiphyas postvittana,Light brown apple moth
Depressaria badiella,Brown flat-body
Tapinella atrotomentosa,Velvet rollrim
Baccha elongata,Common dainty
Potentilla�fruticosa,Cinquefoil
Elophila nymphaeata,Brown china-mark
Eupeodes latifasciatus,Variable aphideater
Blastobasis adustella,Dingy dowd
Epinotia nisella,Grey poplar bell
Eucosma campoliliana,Marbled bell
Chrysoteuchia culmella,Garden grass veneer
Udea olivalis,Olive pearl
Agapeta hamana,Common yellow conch
Aphomia sociella,Bee moth
Merodon equestris,Greater bulb-fly
Acrobasis advenella,Grey knot-horn
Dichrorampha petiverella,Common drill
Scoparia ambigualis,Common grey
Melanostoma mellinum,Hover fly
Endrosis sarcitrella,White-shouldered house moth
Episyrphus balteatus,Marmalade hoverfly
Eucosma cana,"Hoary bell, hoary tortrix"
Agriphila tristella,Common grass veneer
Eristalis nemorum,Orange-spined drone fly
Meliscaeva cinctella,American thintail fly
Epistrophe grossulariae,Black-horned smoothtail
Acleris forsskaleana,Maple button
Yponomeuta evonymella,Bird-cherry ermine moth
Eristalis tenax,Drone fly
Hedya nubiferana,Green budworm
Udea lutealis,Pale straw pearl
Syrphus ribesii,Common flower fly
Ypsolopha ustella,Moth
Pandemis cerasana,Barred fruit-tree tortrix
Eudonia mercurella,Small grey
Episyrphus balteatus,Marmalade hoverfly
Syrphus ribesii,Common flower fly
Cuphophyllus pratensis,Meadow waxcap
Eristalis tenax,Drone fly
Potentilla fruticosa,Shrubby cinquefoil
Syrphus ribesii,Common flower fly
Eudonia mercurella,Small grey
Episyrphus balteatus,Marmalade hoverfly
Eristalis tenax,Drone fly
Potentilla fruticosa,Shrubby cinquefoil
Eristalis tenax,Drone fly
Eudonia mercurella,Small grey
Episyrphus balteatus,Marmalade hoverfly
Potentilla fruticosa,Shrubby cinquefoil
Syrphus ribesii,Common flower fly
Episyrphus balteatus,Marmalade hoverfly
Iris foetidissima,Roast-beef plant
Syrphus ribesii,Common flower fly
Eristalis tenax,Drone fly
Eudonia mercurella,Small grey
Potentilla fruticosa,Shrubby cinquefoil
